Household_ID,Timestamp,Electricity_Consumption,Household_Size,Appliance_Ownership,Region,Weather
1001,2026-01-01 02:00:00,1.81,3,5,South,Hot
1001,2026-01-01 06:00:00,2.396,3,5,South,Hot
1001,2026-01-01 09:00:00,2.661,3,5,South,Warm
1001,2026-01-01 12:00:00,2.179,3,5,South,Hot
1001,2026-01-01 15:00:00,1.8,3,5,South,Warm
1001,2026-01-01 18:00:00,3.957,3,5,South,Hot
1001,2026-01-01 19:00:00,3.414,3,5,South,Warm
1001,2026-01-01 20:00:00,3.555,3,5,South,Warm
1001,2026-01-01 21:00:00,3.329,3,5,South,Warm
1001,2026-01-01 23:00:00,2.094,3,5,South,Hot
1002,2026-01-02 02:00:00,3.448,6,11,East,Hot
1002,2026-01-02 06:00:00,3.582,6,11,East,Hot
1002,2026-01-02 09:00:00,5.131,6,11,East,Hot
1002,2026-01-02 12:00:00,3.508,6,11,East,Hot
1002,2026-01-02 15:00:00,3.358,6,11,East,Warm
1002,2026-01-02 18:00:00,5.407,6,11,East,Warm
1002,2026-01-02 19:00:00,6.14,6,11,East,Humid
1002,2026-01-02 20:00:00,6.28,6,11,East,Humid
1002,2026-01-02 21:00:00,6.666,6,11,East,Humid
1002,2026-01-02 23:00:00,3.148,6,11,East,Warm
1003,2026-01-03 02:00:00,1.853,4,10,West,Cool
1003,2026-01-03 06:00:00,2.631,4,10,West,Warm
1003,2026-01-03 09:00:00,3.569,4,10,West,Hot
1003,2026-01-03 12:00:00,2.572,4,10,West,Warm
1003,2026-01-03 15:00:00,2.443,4,10,West,Cool
1003,2026-01-03 18:00:00,5.155,4,10,West,
1003,2026-01-03 19:00:00,5.051,4,10,West,Warm
1003,2026-01-03 20:00:00,4.436,4,10,West,Warm
1003,2026-01-03 21:00:00,5.235,4,10,West,Hot
1003,2026-01-03 23:00:00,3.095,4,10,West,Hot
1004,2026-01-04 02:00:00,2.673,4,9,South,Warm
1004,2026-01-04 06:00:00,3.101,4,9,South,Hot
1004,2026-01-04 09:00:00,4.462,4,9,South,Hot
1004,2026-01-04 12:00:00,3.043,4,9,South,Hot
1004,2026-01-04 15:00:00,2.602,4,9,South,Hot
1004,2026-01-04 18:00:00,4.758,4,9,South,Hot
1004,2026-01-04 19:00:00,4.554,4,9,South,Warm
1004,2026-01-04 20:00:00,4.637,4,9,South,Warm
1004,2026-01-04 21:00:00,4.438,4,9,South,Warm
1004,2026-01-04 23:00:00,2.551,4,9,South,Hot
1005,2026-01-05 02:00:00,2.66,2,9,North,Hot
1005,2026-01-05 06:00:00,1.741,2,9,North,Warm
1005,2026-01-05 09:00:00,2.634,2,9,North,Warm
1005,2026-01-05 12:00:00,2.321,2,9,North,Hot
1005,2026-01-05 15:00:00,2.081,2,9,North,Hot
1005,2026-01-05 18:00:00,2.769,2,9,North,Cool
1005,2026-01-05 19:00:00,3.143,2,9,North,Warm
1005,2026-01-05 20:00:00,3.938,2,9,North,Hot
1005,2026-01-05 21:00:00,2.865,2,9,North,Cool
1005,2026-01-05 23:00:00,2.416,2,9,North,Hot
1006,2026-01-06 02:00:00,1.659,2,8,East,Humid
1006,2026-01-06 06:00:00,2.093,2,8,East,Humid
1006,2026-01-06 09:00:00,2.61,2,8,East,Humid
1006,2026-01-06 12:00:00,1.628,2,8,East,Humid
1006,2026-01-06 15:00:00,1.644,2,8,East,Hot
1006,2026-01-06 18:00:00,3.518,2,8,East,Warm
1006,2026-01-06 19:00:00,3.4,2,8,East,Humid
1006,2026-01-06 20:00:00,3.451,2,8,East,Warm
1006,2026-01-06 21:00:00,3.68,2,8,East,Humid
1006,2026-01-06 23:00:00,1.899,2,8,East,Humid
1007,2026-01-07 02:00:00,1.414,1,7,West,Warm
1007,2026-01-07 06:00:00,1.525,1,7,West,Warm
1007,2026-01-07 09:00:00,2.446,1,7,West,Warm
1007,2026-01-07 12:00:00,1.556,1,7,West,Cool
1007,2026-01-07 15:00:00,1.724,1,7,West,Hot
1007,2026-01-07 18:00:00,1.687,1,7,West,Cool
1007,2026-01-07 19:00:00,2.537,1,7,West,Hot
1007,2026-01-07 20:00:00,2.159,1,7,West,Cool
1007,2026-01-07 21:00:00,2.34,1,7,West,Warm
1007,2026-01-07 23:00:00,1.799,1,7,West,Hot
1008,2026-01-08 02:00:00,3.03,5,9,South,Hot
1008,2026-01-08 06:00:00,3.924,5,9,South,Hot
1008,2026-01-08 09:00:00,3.696,5,9,South,Warm
1008,2026-01-08 12:00:00,2.648,5,9,South,Warm
1008,2026-01-08 15:00:00,2.82,5,9,South,Warm
1008,2026-01-08 18:00:00,5.642,5,9,South,Hot
1008,2026-01-08 19:00:00,10.182,5,9,South,Warm
1008,2026-01-08 20:00:00,9.07,5,9,South,Warm
1008,2026-01-08 21:00:00,12.592,5,9,South,Hot
1008,2026-01-08 23:00:00,2.521,5,9,South,Warm
1009,2026-01-09 02:00:00,1.959,4,10,North,Cool
1009,2026-01-09 06:00:00,2.949,4,10,North,Hot
1009,2026-01-09 09:00:00,4.019,4,10,North,Warm
1009,2026-01-09 12:00:00,2.146,4,10,North,Cool
1009,2026-01-09 15:00:00,3.04,4,10,North,Hot
1009,2026-01-09 18:00:00,5.603,4,10,North,Hot
1009,2026-01-09 19:00:00,4.667,4,10,North,Warm
1009,2026-01-09 20:00:00,4.479,4,10,North,Warm
1009,2026-01-09 21:00:00,5.404,4,10,North,Hot
1009,2026-01-09 23:00:00,3.105,4,10,North,Hot
1010,2026-01-10 02:00:00,2.075,4,9,West,Warm
1010,2026-01-10 06:00:00,2.085,4,9,West,Warm
1010,2026-01-10 09:00:00,2.831,4,9,West,Cool
1010,2026-01-10 12:00:00,2.991,4,9,West,Hot
1010,2026-01-10 15:00:00,1.388,4,9,West,Cool
1010,2026-01-10 18:00:00,3.509,4,9,West,Cool
1010,2026-01-10 19:00:00,3.399,4,9,West,Cool
1010,2026-01-10 20:00:00,4.785,4,9,West,Hot
1010,2026-01-10 21:00:00,3.453,4,9,West,Cool
1010,2026-01-10 23:00:00,2.412,4,9,West,Hot
1011,2026-01-01 02:00:00,1.614,1,7,South,Warm
1011,2026-01-01 06:00:00,1.793,1,7,South,Hot
1011,2026-01-01 09:00:00,2.471,1,7,South,Hot
1011,2026-01-01 12:00:00,1.685,1,7,South,Warm
1011,2026-01-01 15:00:00,1.264,1,7,South,Warm
1011,2026-01-01 18:00:00,2.305,1,7,South,Hot
1011,2026-01-01 19:00:00,1.914,1,7,South,Warm
1011,2026-01-01 20:00:00,2.841,1,7,South,Warm
1011,2026-01-01 21:00:00,2.567,1,7,South,Warm
1011,2026-01-01 23:00:00,1.699,1,7,South,Hot
1012,2026-01-02 02:00:00,3.497,6,10,South,Hot
1012,2026-01-02 06:00:00,3.611,6,10,South,Hot
1012,2026-01-02 09:00:00,4.197,6,10,South,Warm
1012,2026-01-02 12:00:00,3.298,6,10,South,Hot
1012,2026-01-02 15:00:00,3.315,6,10,South,Hot
1012,2026-01-02 18:00:00,6.836,6,10,South,Hot
1012,2026-01-02 19:00:00,6.418,6,10,South,Hot
1012,2026-01-02 20:00:00,5.497,6,10,South,Warm
1012,2026-01-02 21:00:00,5.401,6,10,South,Warm
1012,2026-01-02 23:00:00,2.974,6,10,South,Warm
1013,2026-01-03 02:00:00,2.773,5,9,West,Hot
1013,2026-01-03 06:00:00,2.583,5,9,West,Warm
1013,2026-01-03 09:00:00,3.762,5,9,West,Warm
1013,2026-01-03 12:00:00,1.789,5,9,West,Cool
1013,2026-01-03 15:00:00,2.561,5,9,West,Warm
1013,2026-01-03 18:00:00,4.564,5,9,West,Warm
1013,2026-01-03 19:00:00,4.933,5,9,West,Warm
1013,2026-01-03 20:00:00,5.126,5,9,West,Warm
1013,2026-01-03 21:00:00,4.054,5,9,West,Cool
1013,2026-01-03 23:00:00,2.981,5,9,West,Warm
1014,2026-01-04 02:00:00,2.482,2,9,East,Hot
1014,2026-01-04 06:00:00,1.753,2,9,East,Warm
1014,2026-01-04 09:00:00,3.083,2,9,East,Hot
1014,2026-01-04 12:00:00,1.857,2,9,East,Hot
1014,2026-01-04 15:00:00,2.014,2,9,East,Humid
1014,2026-01-04 18:00:00,4.197,2,9,East,Hot
1014,2026-01-04 19:00:00,3.86,2,9,East,Hot
1014,2026-01-04 20:00:00,3.388,2,9,East,Warm
1014,2026-01-04 21:00:00,4.135,2,9,East,Humid
1014,2026-01-04 23:00:00,2.188,2,9,East,Hot
1015,2026-01-05 02:00:00,2.247,2,7,East,Humid
1015,2026-01-05 06:00:00,1.837,2,7,East,Warm
1015,2026-01-05 09:00:00,2.044,2,7,East,Warm
1015,2026-01-05 12:00:00,1.688,2,7,East,Humid
1015,2026-01-05 15:00:00,1.475,2,7,East,Warm
1015,2026-01-05 18:00:00,2.842,2,7,East,Warm
1015,2026-01-05 19:00:00,3.634,2,7,East,Humid
1015,2026-01-05 20:00:00,3.901,2,7,East,Hot
1015,2026-01-05 21:00:00,3.576,2,7,East,Hot
1015,2026-01-05 23:00:00,2.199,2,7,East,Warm
1016,2026-01-06 02:00:00,1.516,2,5,North,Cool
1016,2026-01-06 06:00:00,1.525,2,5,North,Warm
1016,2026-01-06 09:00:00,2.293,2,5,North,Hot
1016,2026-01-06 12:00:00,1.856,2,5,North,Cool
1016,2026-01-06 15:00:00,1.369,2,5,North,Cool
1016,2026-01-06 18:00:00,2.53,2,5,North,Cool
1016,2026-01-06 19:00:00,2.285,2,5,North,Cool
1016,2026-01-06 20:00:00,2.951,2,5,North,Warm
1016,2026-01-06 21:00:00,3.153,2,5,North,Warm
1016,2026-01-06 23:00:00,1.54,2,5,North,Cool
1017,2026-01-07 02:00:00,2.215,3,6,South,Hot
1017,2026-01-07 06:00:00,2.039,3,6,South,Hot
1017,2026-01-07 09:00:00,2.875,3,6,South,Warm
1017,2026-01-07 12:00:00,1.857,3,6,South,Warm
1017,2026-01-07 15:00:00,2.629,3,6,South,Hot
1017,2026-01-07 18:00:00,3.982,3,6,South,Hot
1017,2026-01-07 19:00:00,3.737,3,6,South,Warm
1017,2026-01-07 20:00:00,3.889,3,6,South,Hot
1017,2026-01-07 21:00:00,3.053,3,6,South,Warm
1017,2026-01-07 23:00:00,2.185,3,6,South,Warm
1018,2026-01-08 02:00:00,2.432,4,10,East,Hot
1018,2026-01-08 06:00:00,3.115,4,10,East,Hot
1018,2026-01-08 09:00:00,4.491,4,10,East,Humid
1018,2026-01-08 12:00:00,2.611,4,10,East,Hot
1018,2026-01-08 15:00:00,2.299,4,10,East,Warm
1018,2026-01-08 18:00:00,5.185,4,10,East,Humid
1018,2026-01-08 19:00:00,5.275,4,10,East,Hot
1018,2026-01-08 20:00:00,4.874,4,10,East,Warm
1018,2026-01-08 21:00:00,4.912,4,10,East,Humid
1018,2026-01-08 23:00:00,2.568,4,10,East,Humid
1019,2026-01-09 02:00:00,1.882,3,10,North,Warm
1019,2026-01-09 06:00:00,2.192,3,10,North,Warm
1019,2026-01-09 09:00:00,4.106,3,10,North,Hot
1019,2026-01-09 12:00:00,2.569,3,10,North,Hot
1019,2026-01-09 15:00:00,2.369,3,10,North,Warm
1019,2026-01-09 18:00:00,3.608,3,10,North,Cool
1019,2026-01-09 19:00:00,3.99,3,10,North,Warm
1019,2026-01-09 20:00:00,4.404,3,10,North,Hot
1019,2026-01-09 21:00:00,4.13,3,10,North,Warm
1019,2026-01-09 23:00:00,1.822,3,10,North,Cool
1020,2026-01-10 02:00:00,1.443,3,5,North,Cool
1020,2026-01-10 06:00:00,1.466,3,5,North,Cool
1020,2026-01-10 09:00:00,2.944,3,5,North,Warm
1020,2026-01-10 12:00:00,1.732,3,5,North,Warm
1020,2026-01-10 15:00:00,1.665,3,5,North,Cool
1020,2026-01-10 18:00:00,2.401,3,5,North,Cool
1020,2026-01-10 19:00:00,3.418,3,5,North,Cool
1020,2026-01-10 20:00:00,4.018,3,5,North,Hot
1020,2026-01-10 21:00:00,3.652,3,5,North,Warm
1020,2026-01-10 23:00:00,0.838,3,5,North,Cool
1021,2026-01-01 02:00:00,2.333,4,10,West,Warm
1021,2026-01-01 06:00:00,2.189,4,10,West,Cool
1021,2026-01-01 09:00:00,3.176,4,10,West,Warm
1021,2026-01-01 12:00:00,2.577,4,10,West,Warm
1021,2026-01-01 15:00:00,2.79,4,10,West,Warm
1021,2026-01-01 18:00:00,4.769,4,10,West,Warm
1021,2026-01-01 19:00:00,5.283,4,10,West,Hot
1021,2026-01-01 20:00:00,5.048,4,10,West,Hot
1021,2026-01-01 21:00:00,3.618,4,10,West,Cool
1021,2026-01-01 23:00:00,2.44,4,10,West,Cool
1022,2026-01-02 02:00:00,1.646,2,9,South,Warm
1022,2026-01-02 06:00:00,1.52,2,9,South,Warm
1022,2026-01-02 09:00:00,2.155,2,9,South,Warm
1022,2026-01-02 12:00:00,2.367,2,9,South,Hot
1022,2026-01-02 15:00:00,1.516,2,9,South,Warm
1022,2026-01-02 18:00:00,3.542,2,9,South,Warm
1022,2026-01-02 19:00:00,3.773,2,9,South,Hot
1022,2026-01-02 20:00:00,3.245,2,9,South,Warm
1022,2026-01-02 21:00:00,3.253,2,9,South,Warm
1022,2026-01-02 23:00:00,1.916,2,9,South,Hot
1023,2026-01-03 02:00:00,1.436,3,8,South,Warm
1023,2026-01-03 06:00:00,2.233,3,8,South,Warm
1023,2026-01-03 09:00:00,2.851,3,8,South,Warm
1023,2026-01-03 12:00:00,1.835,3,8,South,Warm
1023,2026-01-03 15:00:00,2.416,3,8,South,Hot
1023,2026-01-03 18:00:00,4.365,3,8,South,Hot
1023,2026-01-03 19:00:00,3.885,3,8,South,Warm
1023,2026-01-03 20:00:00,4.052,3,8,South,Hot
1023,2026-01-03 21:00:00,4.27,3,8,South,Warm
1023,2026-01-03 23:00:00,2.761,3,8,South,Hot
1024,2026-01-04 02:00:00,1.896,3,8,West,Warm
1024,2026-01-04 06:00:00,2.499,3,8,West,Hot
1024,2026-01-04 09:00:00,2.516,3,8,West,Cool
1024,2026-01-04 12:00:00,1.465,3,8,West,Cool
1024,2026-01-04 15:00:00,1.681,3,8,West,Warm
1024,2026-01-04 18:00:00,3.959,3,8,West,Warm
1024,2026-01-04 19:00:00,4.28,3,8,West,Hot
1024,2026-01-04 20:00:00,2.741,3,8,West,Cool
1024,2026-01-04 21:00:00,3.006,3,8,West,Cool
1024,2026-01-04 23:00:00,2.254,3,8,West,Hot
1025,2026-01-05 02:00:00,2.313,3,8,West,Warm
1025,2026-01-05 06:00:00,1.917,3,8,West,Warm
1025,2026-01-05 09:00:00,2.633,3,8,West,Cool
1025,2026-01-05 12:00:00,1.862,3,8,West,Cool
1025,2026-01-05 15:00:00,1.051,3,8,West,Cool
1025,2026-01-05 18:00:00,4.097,3,8,West,Hot
1025,2026-01-05 19:00:00,3.086,3,8,West,Cool
1025,2026-01-05 20:00:00,3.066,3,8,West,Cool
1025,2026-01-05 21:00:00,3.089,3,8,West,Cool
1025,2026-01-05 23:00:00,2.15,3,8,West,Warm
1026,2026-01-06 02:00:00,3.064,5,10,East,Hot
1026,2026-01-06 06:00:00,2.958,5,10,East,Warm
1026,2026-01-06 09:00:00,4.635,5,10,East,Hot
1026,2026-01-06 12:00:00,3.108,5,10,East,Hot
1026,2026-01-06 15:00:00,2.259,5,10,East,Warm
1026,2026-01-06 18:00:00,5.705,5,10,East,Humid
1026,2026-01-06 19:00:00,5.427,5,10,East,Warm
1026,2026-01-06 20:00:00,5.757,5,10,East,Hot
1026,2026-01-06 21:00:00,5.189,5,10,East,Warm
1026,2026-01-06 23:00:00,3.281,5,10,East,Humid
1027,2026-01-07 02:00:00,1.865,2,7,West,Cool
1027,2026-01-07 06:00:00,1.292,2,7,West,Warm
1027,2026-01-07 09:00:00,2.553,2,7,West,Warm
1027,2026-01-07 12:00:00,1.102,2,7,West,Warm
1027,2026-01-07 15:00:00,0.793,2,7,West,Cool
1027,2026-01-07 18:00:00,2.848,2,7,West,Cool
1027,2026-01-07 19:00:00,2.719,2,7,West,Cool
1027,2026-01-07 20:00:00,2.763,2,7,West,Cool
1027,2026-01-07 21:00:00,2.648,2,7,West,Cool
1027,2026-01-07 23:00:00,1.933,2,7,West,Cool
1028,2026-01-08 02:00:00,1.995,4,11,North,Cool
1028,2026-01-08 06:00:00,3.09,4,11,North,Hot
1028,2026-01-08 09:00:00,4.427,4,11,North,Hot
1028,2026-01-08 12:00:00,2.401,4,11,North,Warm
1028,2026-01-08 15:00:00,2.602,4,11,North,Warm
1028,2026-01-08 18:00:00,5.229,4,11,North,Warm
1028,2026-01-08 19:00:00,5.472,4,11,North,Hot
1028,2026-01-08 20:00:00,3.623,4,11,North,Cool
1028,2026-01-08 21:00:00,5.382,4,11,North,Hot
1028,2026-01-08 23:00:00,2.744,4,11,North,Hot
1029,2026-01-09 02:00:00,2.508,4,11,South,Warm
1029,2026-01-09 06:00:00,2.477,4,11,South,Warm
1029,2026-01-09 09:00:00,4.437,4,11,South,Hot
1029,2026-01-09 12:00:00,3.328,4,11,South,Hot
1029,2026-01-09 15:00:00,2.207,4,11,South,Warm
1029,2026-01-09 18:00:00,5.52,4,11,South,Hot
1029,2026-01-09 19:00:00,4.324,4,11,South,Warm
1029,2026-01-09 20:00:00,5.824,4,11,South,Hot
1029,2026-01-09 21:00:00,4.814,4,11,South,Warm
1029,2026-01-09 23:00:00,3.649,4,11,South,Hot
1030,2026-01-10 02:00:00,1.367,1,5,East,Humid
1030,2026-01-10 06:00:00,1.521,1,5,East,Humid
1030,2026-01-10 09:00:00,1.693,1,5,East,Humid
1030,2026-01-10 12:00:00,1.515,1,5,East,Hot
1030,2026-01-10 15:00:00,1.066,1,5,East,Warm
1030,2026-01-10 18:00:00,2.106,1,5,East,Warm
1030,2026-01-10 19:00:00,3.183,1,5,East,Hot
1030,2026-01-10 20:00:00,2.573,1,5,East,Humid
1030,2026-01-10 21:00:00,2.509,1,5,East,Hot
1030,2026-01-10 23:00:00,1.232,1,5,East,Humid
1031,2026-01-01 02:00:00,2.029,4,7,West,Warm
1031,2026-01-01 06:00:00,2.32,4,7,West,Warm
1031,2026-01-01 09:00:00,3.586,4,7,West,Hot
1031,2026-01-01 12:00:00,2.738,4,7,West,Hot
1031,2026-01-01 15:00:00,1.744,4,7,West,Cool
1031,2026-01-01 18:00:00,3.751,4,7,West,Cool
1031,2026-01-01 19:00:00,3.052,4,7,West,Cool
1031,2026-01-01 20:00:00,4.08,4,7,West,Warm
1031,2026-01-01 21:00:00,3.593,4,7,West,Cool
1031,2026-01-01 23:00:00,1.653,4,7,West,Cool
1032,2026-01-02 02:00:00,1.76,2,7,West,Hot
1032,2026-01-02 06:00:00,1.523,2,7,West,Warm
1032,2026-01-02 09:00:00,1.919,2,7,West,Cool
1032,2026-01-02 12:00:00,2.035,2,7,West,Hot
1032,2026-01-02 15:00:00,2.571,2,7,West,Hot
1032,2026-01-02 18:00:00,3.091,2,7,West,Warm
1032,2026-01-02 19:00:00,7.303,2,7,West,Hot
1032,2026-01-02 20:00:00,5.849,2,7,West,Cool
1032,2026-01-02 21:00:00,7.418,2,7,West,Hot
1032,2026-01-02 23:00:00,1.55,2,7,West,Warm
1033,2026-01-03 02:00:00,1.836,1,3,South,Hot
1033,2026-01-03 06:00:00,0.767,1,3,South,Warm
1033,2026-01-03 09:00:00,1.621,1,3,South,Hot
1033,2026-01-03 12:00:00,1.42,1,3,South,Warm
1033,2026-01-03 15:00:00,0.525,1,3,South,Warm
1033,2026-01-03 18:00:00,1.594,1,3,South,Warm
1033,2026-01-03 19:00:00,2.091,1,3,South,Hot
1033,2026-01-03 20:00:00,2.083,1,3,South,Hot
1033,2026-01-03 21:00:00,2.139,1,3,South,Hot
1033,2026-01-03 23:00:00,1.176,1,3,South,Warm
1034,2026-01-04 02:00:00,2.446,6,13,West,Cool
1034,2026-01-04 06:00:00,3.162,6,13,West,Cool
1034,2026-01-04 09:00:00,3.967,6,13,West,Cool
1034,2026-01-04 12:00:00,3.172,6,13,West,Warm
1034,2026-01-04 15:00:00,2.959,6,13,West,Warm
1034,2026-01-04 18:00:00,5.052,6,13,West,Cool
1034,2026-01-04 19:00:00,5.61,6,13,West,Cool
1034,2026-01-04 20:00:00,6.173,6,13,West,Warm
1034,2026-01-04 21:00:00,5.208,6,13,West,Cool
1034,2026-01-04 23:00:00,2.767,6,13,West,Cool
1035,2026-01-05 02:00:00,3.648,6,8,West,Hot
1035,2026-01-05 06:00:00,3.024,6,8,West,Warm
1035,2026-01-05 09:00:00,4.544,6,8,West,Hot
1035,2026-01-05 12:00:00,3.101,6,8,West,Hot
1035,2026-01-05 15:00:00,2.703,6,8,West,Cool
1035,2026-01-05 18:00:00,5.514,6,8,West,Warm
1035,2026-01-05 19:00:00,4.65,6,8,West,Cool
1035,2026-01-05 20:00:00,5.561,6,8,West,Warm
1035,2026-01-05 21:00:00,3.934,6,8,West,Cool
1035,2026-01-05 23:00:00,2.647,6,8,West,Cool
1036,2026-01-06 02:00:00,2.825,5,7,West,Hot
1036,2026-01-06 06:00:00,2.519,5,7,West,Warm
1036,2026-01-06 09:00:00,3.903,5,7,West,Warm
1036,2026-01-06 12:00:00,2.365,5,7,West,Hot
1036,2026-01-06 15:00:00,2.596,5,7,West,Warm
1036,2026-01-06 18:00:00,5.277,5,7,West,Hot
1036,2026-01-06 19:00:00,4.629,5,7,West,Warm
1036,2026-01-06 20:00:00,5.577,5,7,West,Hot
1036,2026-01-06 21:00:00,3.671,5,7,West,Cool
1036,2026-01-06 23:00:00,2.396,5,7,West,Cool
1037,2026-01-07 02:00:00,1.871,3,5,West,Warm
1037,2026-01-07 06:00:00,1.366,3,5,West,Warm
1037,2026-01-07 09:00:00,2.377,3,5,West,Warm
1037,2026-01-07 12:00:00,1.348,3,5,West,Cool
1037,2026-01-07 15:00:00,2.055,3,5,West,Hot
1037,2026-01-07 18:00:00,3.358,3,5,West,Warm
1037,2026-01-07 19:00:00,3.331,3,5,West,Hot
1037,2026-01-07 20:00:00,3.409,3,5,West,Warm
1037,2026-01-07 21:00:00,3.529,3,5,West,Warm
1037,2026-01-07 23:00:00,1.57,3,5,West,Cool
1038,2026-01-08 02:00:00,2.155,2,6,East,Humid
1038,2026-01-08 06:00:00,2.142,2,6,East,Humid
1038,2026-01-08 09:00:00,2.01,2,6,East,Humid
1038,2026-01-08 12:00:00,1.278,2,6,East,Warm
1038,2026-01-08 15:00:00,1.511,2,6,East,Warm
1038,2026-01-08 18:00:00,3.379,2,6,East,Hot
1038,2026-01-08 19:00:00,3.119,2,6,East,Warm
1038,2026-01-08 20:00:00,3.298,2,6,East,Hot
1038,2026-01-08 21:00:00,3.465,2,6,East,Hot
1038,2026-01-08 23:00:00,1.859,2,6,East,Hot
1039,2026-01-09 02:00:00,2.55,4,11,East,Hot
1039,2026-01-09 06:00:00,2.958,4,11,East,Hot
1039,2026-01-09 09:00:00,4.075,4,11,East,Hot
1039,2026-01-09 12:00:00,2.646,4,11,East,Warm
1039,2026-01-09 15:00:00,2.566,4,11,East,Hot
1039,2026-01-09 18:00:00,5.015,4,11,East,Warm
1039,2026-01-09 19:00:00,4.76,4,11,East,Warm
1039,2026-01-09 20:00:00,5.893,4,11,East,Hot
1039,2026-01-09 21:00:00,4.569,4,11,East,Warm
1039,2026-01-09 23:00:00,2.596,4,11,East,Warm
1040,2026-01-10 02:00:00,2.297,3,5,South,Hot
1040,2026-01-10 06:00:00,1.902,3,5,South,Hot
1040,2026-01-10 09:00:00,3.06,3,5,South,Hot
1040,2026-01-10 12:00:00,2.303,3,5,South,Hot
1040,2026-01-10 15:00:00,2.223,3,5,South,Hot
1040,2026-01-10 18:00:00,4.06,3,5,South,Hot
1040,2026-01-10 19:00:00,3.948,3,5,South,Hot
1040,2026-01-10 20:00:00,3.613,3,5,South,Warm
1040,2026-01-10 21:00:00,3.805,3,5,South,Hot
1040,2026-01-10 23:00:00,2.234,3,5,South,Hot
1041,2026-01-01 02:00:00,1.964,2,7,West,Hot
1041,2026-01-01 06:00:00,1.832,2,7,West,Hot
1041,2026-01-01 09:00:00,1.44,2,7,West,Cool
1041,2026-01-01 12:00:00,1.296,2,7,West,Cool
1041,2026-01-01 15:00:00,1.482,2,7,West,Warm
1041,2026-01-01 18:00:00,3.669,2,7,West,Hot
1041,2026-01-01 19:00:00,2.48,2,7,West,Cool
1041,2026-01-01 20:00:00,3.686,2,7,West,Hot
1041,2026-01-01 21:00:00,2.829,2,7,West,Cool
1041,2026-01-01 23:00:00,0.687,2,7,West,Cool
1042,2026-01-02 02:00:00,1.832,3,9,West,
1042,2026-01-02 06:00:00,2.504,3,9,West,Warm
1042,2026-01-02 09:00:00,3.49,3,9,West,Hot
1042,2026-01-02 12:00:00,2.712,3,9,West,Hot
1042,2026-01-02 15:00:00,2.102,3,9,West,Cool
1042,2026-01-02 18:00:00,3.446,3,9,West,Warm
1042,2026-01-02 19:00:00,4.23,3,9,West,Warm
1042,2026-01-02 20:00:00,4.131,3,9,West,Warm
1042,2026-01-02 21:00:00,3.585,3,9,West,Warm
1042,2026-01-02 23:00:00,1.888,3,9,West,Cool
1043,2026-01-03 02:00:00,1.214,1,3,South,Hot
1043,2026-01-03 06:00:00,1.311,1,3,South,Warm
1043,2026-01-03 09:00:00,1.78,1,3,South,Warm
1043,2026-01-03 12:00:00,1.023,1,3,South,Hot
1043,2026-01-03 15:00:00,1.619,1,3,South,Warm
1043,2026-01-03 18:00:00,1.813,1,3,South,Warm
1043,2026-01-03 19:00:00,1.484,1,3,South,Warm
1043,2026-01-03 20:00:00,1.737,1,3,South,Hot
1043,2026-01-03 21:00:00,2.071,1,3,South,Hot
1043,2026-01-03 23:00:00,0.974,1,3,South,Warm
1044,2026-01-04 02:00:00,2.471,5,9,South,Warm
1044,2026-01-04 06:00:00,2.459,5,9,South,Warm
1044,2026-01-04 09:00:00,4.383,5,9,South,Hot
1044,2026-01-04 12:00:00,3.17,5,9,South,Hot
1044,2026-01-04 15:00:00,2.843,5,9,South,Hot
1044,2026-01-04 18:00:00,5.135,5,9,South,Warm
1044,2026-01-04 19:00:00,5.919,5,9,South,Hot
1044,2026-01-04 20:00:00,4.91,5,9,South,Warm
1044,2026-01-04 21:00:00,5.541,5,9,South,Warm
1044,2026-01-04 23:00:00,2.945,5,9,South,Hot
1045,2026-01-05 02:00:00,2.173,2,9,South,Hot
1045,2026-01-05 06:00:00,2.255,2,9,South,Hot
1045,2026-01-05 09:00:00,2.617,2,9,South,Hot
1045,2026-01-05 12:00:00,1.884,2,9,South,Warm
1045,2026-01-05 15:00:00,1.976,2,9,South,Hot
1045,2026-01-05 18:00:00,3.749,2,9,South,Hot
1045,2026-01-05 19:00:00,3.277,2,9,South,Warm
1045,2026-01-05 20:00:00,3.845,2,9,South,Hot
1045,2026-01-05 21:00:00,4.243,2,9,South,Hot
1045,2026-01-05 23:00:00,1.723,2,9,South,Warm
1046,2026-01-06 02:00:00,2.769,4,8,South,Hot
1046,2026-01-06 06:00:00,2.253,4,8,South,Warm
1046,2026-01-06 09:00:00,3.838,4,8,South,Hot
1046,2026-01-06 12:00:00,2.304,4,8,South,Hot
1046,2026-01-06 15:00:00,2.137,4,8,South,Warm
1046,2026-01-06 18:00:00,4.933,4,8,South,Hot
1046,2026-01-06 19:00:00,4.127,4,8,South,Warm
1046,2026-01-06 20:00:00,4.795,4,8,South,Hot
1046,2026-01-06 21:00:00,5.028,4,8,South,Hot
1046,2026-01-06 23:00:00,2.954,4,8,South,Hot
1047,2026-01-07 02:00:00,1.408,3,5,West,Cool
1047,2026-01-07 06:00:00,1.253,3,5,West,Cool
1047,2026-01-07 09:00:00,3.115,3,5,West,Hot
1047,2026-01-07 12:00:00,1.813,3,5,West,Hot
1047,2026-01-07 15:00:00,1.921,3,5,West,Hot
1047,2026-01-07 18:00:00,3.327,3,5,West,Warm
1047,2026-01-07 19:00:00,2.868,3,5,West,Hot
1047,2026-01-07 20:00:00,3.054,3,5,West,Warm
1047,2026-01-07 21:00:00,2.526,3,5,West,Cool
1047,2026-01-07 23:00:00,2.311,3,5,West,Hot
1048,2026-01-08 02:00:00,2.219,4,11,North,Cool
1048,2026-01-08 06:00:00,2.276,4,11,North,Cool
1048,2026-01-08 09:00:00,4.153,4,11,North,Hot
1048,2026-01-08 12:00:00,2.921,4,11,North,Hot
1048,2026-01-08 15:00:00,2.196,4,11,North,Cool
1048,2026-01-08 18:00:00,3.703,4,11,North,Cool
1048,2026-01-08 19:00:00,5.357,4,11,North,Hot
1048,2026-01-08 20:00:00,4.56,4,11,North,Warm
1048,2026-01-08 21:00:00,3.952,4,11,North,Cool
1048,2026-01-08 23:00:00,2.517,4,11,North,Warm
1049,2026-01-09 02:00:00,2.83,4,10,North,Hot
1049,2026-01-09 06:00:00,2.887,4,10,North,Hot
1049,2026-01-09 09:00:00,3.729,4,10,North,Warm
1049,2026-01-09 12:00:00,1.572,4,10,North,Cool
1049,2026-01-09 15:00:00,2.687,4,10,North,Warm
1049,2026-01-09 18:00:00,4.269,4,10,North,Cool
1049,2026-01-09 19:00:00,4.902,4,10,North,Warm
1049,2026-01-09 20:00:00,3.669,4,10,North,Cool
1049,2026-01-09 21:00:00,4.798,4,10,North,Warm
1049,2026-01-09 23:00:00,2.695,4,10,North,Warm
1050,2026-01-10 02:00:00,1.687,2,4,South,Warm
1050,2026-01-10 06:00:00,1.162,2,4,South,Warm
1050,2026-01-10 09:00:00,1.837,2,4,South,Hot
1050,2026-01-10 12:00:00,1.66,2,4,South,Warm
1050,2026-01-10 15:00:00,1.279,2,4,South,Warm
1050,2026-01-10 18:00:00,3.052,2,4,South,Hot
1050,2026-01-10 19:00:00,2.555,2,4,South,Warm
1050,2026-01-10 20:00:00,2.449,2,4,South,Hot
1050,2026-01-10 21:00:00,2.819,2,4,South,Hot
1050,2026-01-10 23:00:00,1.889,2,4,South,Warm
1051,2026-01-01 02:00:00,2.79,6,10,North,Warm
1051,2026-01-01 06:00:00,2.463,6,10,North,Cool
1051,2026-01-01 09:00:00,4.741,6,10,North,Hot
1051,2026-01-01 12:00:00,3.274,6,10,North,Warm
1051,2026-01-01 15:00:00,2.788,6,10,North,Cool
1051,2026-01-01 18:00:00,4.899,6,10,North,Cool
1051,2026-01-01 19:00:00,4.734,6,10,North,Cool
1051,2026-01-01 20:00:00,6.429,6,10,North,Hot
1051,2026-01-01 21:00:00,4.11,6,10,North,Cool
1051,2026-01-01 23:00:00,2.955,6,10,North,Warm
1052,2026-01-02 02:00:00,2.868,5,8,South,Warm
1052,2026-01-02 06:00:00,3.224,5,8,South,Hot
1052,2026-01-02 09:00:00,3.818,5,8,South,Warm
1052,2026-01-02 12:00:00,2.805,5,8,South,Warm
1052,2026-01-02 15:00:00,3.638,5,8,South,Hot
1052,2026-01-02 18:00:00,4.387,5,8,South,Warm
1052,2026-01-02 19:00:00,4.761,5,8,South,Warm
1052,2026-01-02 20:00:00,4.504,5,8,South,Warm
1052,2026-01-02 21:00:00,4.93,5,8,South,Warm
1052,2026-01-02 23:00:00,2.569,5,8,South,Warm
1053,2026-01-03 02:00:00,3.601,6,11,East,Hot
1053,2026-01-03 06:00:00,2.851,6,11,East,Warm
1053,2026-01-03 09:00:00,4.908,6,11,East,Warm
1053,2026-01-03 12:00:00,3.865,6,11,East,Humid
1053,2026-01-03 15:00:00,3.043,6,11,East,Warm
1053,2026-01-03 18:00:00,5.694,6,11,East,Warm
1053,2026-01-03 19:00:00,6.033,6,11,East,Warm
1053,2026-01-03 20:00:00,6.211,6,11,East,Hot
1053,2026-01-03 21:00:00,6.334,6,11,East,Humid
1053,2026-01-03 23:00:00,2.892,6,11,East,Warm
1054,2026-01-04 02:00:00,3.34,5,9,East,Warm
1054,2026-01-04 06:00:00,2.987,5,9,East,Hot
1054,2026-01-04 09:00:00,4.273,5,9,East,Humid
1054,2026-01-04 12:00:00,3.228,5,9,East,Hot
1054,2026-01-04 15:00:00,2.98,5,9,East,Humid
1054,2026-01-04 18:00:00,4.674,5,9,East,Warm
1054,2026-01-04 19:00:00,5.381,5,9,East,Humid
1054,2026-01-04 20:00:00,5.443,5,9,East,Humid
1054,2026-01-04 21:00:00,5.22,5,9,East,Warm
1054,2026-01-04 23:00:00,2.745,5,9,East,Warm
1055,2026-01-05 02:00:00,2.871,4,11,South,Hot
1055,2026-01-05 06:00:00,3.257,4,11,South,Hot
1055,2026-01-05 09:00:00,3.922,4,11,South,Warm
1055,2026-01-05 12:00:00,2.753,4,11,South,Warm
1055,2026-01-05 15:00:00,3.077,4,11,South,Hot
1055,2026-01-05 18:00:00,5.483,4,11,South,Hot
1055,2026-01-05 19:00:00,5.502,4,11,South,Hot
1055,2026-01-05 20:00:00,5.67,4,11,South,Hot
1055,2026-01-05 21:00:00,5.066,4,11,South,Hot
1055,2026-01-05 23:00:00,2.83,4,11,South,Warm
1056,2026-01-06 02:00:00,2.955,6,8,South,Warm
1056,2026-01-06 06:00:00,3.049,6,8,South,Warm
1056,2026-01-06 09:00:00,4.036,6,8,South,Warm
1056,2026-01-06 12:00:00,3.939,6,8,South,Hot
1056,2026-01-06 15:00:00,3.457,6,8,South,Warm
1056,2026-01-06 18:00:00,5.615,6,8,South,Warm
1056,2026-01-06 19:00:00,5.177,6,8,South,Warm
1056,2026-01-06 20:00:00,5.316,6,8,South,Warm
1056,2026-01-06 21:00:00,5.743,6,8,South,Warm
1056,2026-01-06 23:00:00,2.803,6,8,South,Warm
1057,2026-01-07 02:00:00,1.853,2,7,South,Hot
1057,2026-01-07 06:00:00,2.469,2,7,South,Hot
1057,2026-01-07 09:00:00,2.293,2,7,South,Warm
1057,2026-01-07 12:00:00,1.421,2,7,South,Hot
1057,2026-01-07 15:00:00,1.64,2,7,South,Warm
1057,2026-01-07 18:00:00,3.337,2,7,South,Warm
1057,2026-01-07 19:00:00,3.188,2,7,South,Hot
1057,2026-01-07 20:00:00,3.376,2,7,South,Warm
1057,2026-01-07 21:00:00,3.305,2,7,South,Hot
1057,2026-01-07 23:00:00,1.924,2,7,South,Hot
1058,2026-01-08 02:00:00,1.519,2,4,East,Hot
1058,2026-01-08 06:00:00,1.269,2,4,East,Hot
1058,2026-01-08 09:00:00,2.11,2,4,East,Humid
1058,2026-01-08 12:00:00,1.642,2,4,East,Humid
1058,2026-01-08 15:00:00,1.905,2,4,East,Hot
1058,2026-01-08 18:00:00,2.765,2,4,East,Humid
1058,2026-01-08 19:00:00,2.644,2,4,East,Warm
1058,2026-01-08 20:00:00,2.849,2,4,East,Warm
1058,2026-01-08 21:00:00,3.226,2,4,East,Humid
1058,2026-01-08 23:00:00,1.236,2,4,East,Hot
1059,2026-01-09 02:00:00,1.64,1,8,South,Warm
1059,2026-01-09 06:00:00,1.987,1,8,South,Hot
1059,2026-01-09 09:00:00,2.183,1,8,South,Hot
1059,2026-01-09 12:00:00,1.363,1,8,South,Hot
1059,2026-01-09 15:00:00,2.015,1,8,South,Hot
1059,2026-01-09 18:00:00,3.074,1,8,South,Hot
1059,2026-01-09 19:00:00,2.987,1,8,South,Hot
1059,2026-01-09 20:00:00,3.065,1,8,South,Warm
1059,2026-01-09 21:00:00,2.76,1,8,South,Hot
1059,2026-01-09 23:00:00,1.852,1,8,South,Warm
1060,2026-01-10 02:00:00,1.874,3,5,East,Hot
1060,2026-01-10 06:00:00,1.929,3,5,East,Humid
1060,2026-01-10 09:00:00,2.483,3,5,East,Warm
1060,2026-01-10 12:00:00,1.582,3,5,East,Warm
1060,2026-01-10 15:00:00,2.337,3,5,East,Hot
1060,2026-01-10 18:00:00,2.836,3,5,East,Warm
1060,2026-01-10 19:00:00,3.676,3,5,East,Humid
1060,2026-01-10 20:00:00,3.25,3,5,East,Warm
1060,2026-01-10 21:00:00,3.415,3,5,East,Hot
1060,2026-01-10 23:00:00,2.255,3,5,East,Humid
1061,2026-01-01 02:00:00,1.136,3,6,West,Cool
1061,2026-01-01 06:00:00,1.456,3,6,West,Cool
1061,2026-01-01 09:00:00,3.058,3,6,West,Hot
1061,2026-01-01 12:00:00,1.831,3,6,West,Hot
1061,2026-01-01 15:00:00,2.111,3,6,West,Hot
1061,2026-01-01 18:00:00,2.494,3,6,West,Cool
1061,2026-01-01 19:00:00,3.249,3,6,West,Warm
1061,2026-01-01 20:00:00,3.108,3,6,West,Warm
1061,2026-01-01 21:00:00,2.992,3,6,West,Cool
1061,2026-01-01 23:00:00,2.189,3,6,West,Warm
1062,2026-01-02 02:00:00,2.452,3,8,South,Hot
1062,2026-01-02 06:00:00,2.169,3,8,South,Warm
1062,2026-01-02 09:00:00,3.251,3,8,South,Hot
1062,2026-01-02 12:00:00,2.451,3,8,South,Hot
1062,2026-01-02 15:00:00,2.044,3,8,South,Warm
1062,2026-01-02 18:00:00,4.287,3,8,South,Hot
1062,2026-01-02 19:00:00,4.264,3,8,South,Hot
1062,2026-01-02 20:00:00,4.038,3,8,South,Hot
1062,2026-01-02 21:00:00,4.316,3,8,South,Hot
1062,2026-01-02 23:00:00,1.562,3,8,South,Warm
1063,2026-01-03 02:00:00,3.093,5,10,West,Hot
1063,2026-01-03 06:00:00,1.662,5,10,West,Cool
1063,2026-01-03 09:00:00,3.23,5,10,West,Cool
1063,2026-01-03 12:00:00,2.376,5,10,West,Cool
1063,2026-01-03 15:00:00,2.798,5,10,West,Cool
1063,2026-01-03 18:00:00,4.115,5,10,West,Cool
1063,2026-01-03 19:00:00,6.136,5,10,West,Hot
1063,2026-01-03 20:00:00,5.599,5,10,West,Hot
1063,2026-01-03 21:00:00,4.052,5,10,West,Cool
1063,2026-01-03 23:00:00,2.169,5,10,West,Cool
1064,2026-01-04 02:00:00,2.126,3,10,South,Warm
1064,2026-01-04 06:00:00,2.412,3,10,South,Hot
1064,2026-01-04 09:00:00,3.364,3,10,South,Warm
1064,2026-01-04 12:00:00,2.255,3,10,South,Hot
1064,2026-01-04 15:00:00,2.214,3,10,South,Warm
1064,2026-01-04 18:00:00,4.078,3,10,South,Warm
1064,2026-01-04 19:00:00,4.715,3,10,South,Hot
1064,2026-01-04 20:00:00,4.71,3,10,South,Hot
1064,2026-01-04 21:00:00,4.135,3,10,South,Warm
1064,2026-01-04 23:00:00,2.175,3,10,South,Warm
1065,2026-01-05 02:00:00,2.307,3,6,South,Hot
1065,2026-01-05 06:00:00,1.918,3,6,South,Warm
1065,2026-01-05 09:00:00,3.248,3,6,South,Hot
1065,2026-01-05 12:00:00,2.337,3,6,South,Warm
1065,2026-01-05 15:00:00,1.969,3,6,South,Warm
1065,2026-01-05 18:00:00,3.647,3,6,South,Hot
1065,2026-01-05 19:00:00,3.841,3,6,South,Hot
1065,2026-01-05 20:00:00,3.976,3,6,South,Hot
1065,2026-01-05 21:00:00,4.0,3,6,South,Hot
1065,2026-01-05 23:00:00,1.687,3,6,South,Warm
1066,2026-01-06 02:00:00,2.319,4,8,East,Warm
1066,2026-01-06 06:00:00,2.539,4,8,East,Warm
1066,2026-01-06 09:00:00,3.223,4,8,East,Warm
1066,2026-01-06 12:00:00,2.759,4,8,East,Humid
1066,2026-01-06 15:00:00,2.315,4,8,East,Hot
1066,2026-01-06 18:00:00,4.667,4,8,East,Hot
1066,2026-01-06 19:00:00,4.965,4,8,East,Humid
1066,2026-01-06 20:00:00,3.915,4,8,East,Warm
1066,2026-01-06 21:00:00,4.387,4,8,East,Hot
1066,2026-01-06 23:00:00,2.839,4,8,East,Humid
1067,2026-01-07 02:00:00,1.82,2,4,East,Humid
1067,2026-01-07 06:00:00,2.183,2,4,East,Hot
1067,2026-01-07 09:00:00,2.046,2,4,East,Warm
1067,2026-01-07 12:00:00,1.244,2,4,East,Warm
1067,2026-01-07 15:00:00,1.247,2,4,East,Warm
1067,2026-01-07 18:00:00,3.521,2,4,East,Hot
1067,2026-01-07 19:00:00,2.849,2,4,East,Humid
1067,2026-01-07 20:00:00,2.869,2,4,East,Warm
1067,2026-01-07 21:00:00,2.857,2,4,East,Humid
1067,2026-01-07 23:00:00,1.326,2,4,East,Hot
1068,2026-01-08 02:00:00,2.604,5,11,West,Cool
1068,2026-01-08 06:00:00,2.769,5,11,West,Hot
1068,2026-01-08 09:00:00,4.725,5,11,West,Hot
1068,2026-01-08 12:00:00,3.356,5,11,West,Warm
1068,2026-01-08 15:00:00,2.577,5,11,West,Cool
1068,2026-01-08 18:00:00,5.249,5,11,West,Warm
1068,2026-01-08 19:00:00,4.308,5,11,West,Cool
1068,2026-01-08 20:00:00,4.266,5,11,West,Cool
1068,2026-01-08 21:00:00,4.94,5,11,West,Warm
1068,2026-01-08 23:00:00,3.291,5,11,West,Hot
1069,2026-01-09 02:00:00,1.309,1,3,North,Hot
1069,2026-01-09 06:00:00,1.631,1,3,North,Warm
1069,2026-01-09 09:00:00,1.208,1,3,North,Cool
1069,2026-01-09 12:00:00,1.237,1,3,North,Warm
1069,2026-01-09 15:00:00,0.797,1,3,North,Warm
1069,2026-01-09 18:00:00,2.139,1,3,North,Warm
1069,2026-01-09 19:00:00,4.205,1,3,North,Hot
1069,2026-01-09 20:00:00,4.224,1,3,North,Warm
1069,2026-01-09 21:00:00,4.407,1,3,North,Cool
1069,2026-01-09 23:00:00,1.249,1,3,North,Hot
1070,2026-01-10 02:00:00,2.713,6,8,South,Warm
1070,2026-01-10 06:00:00,2.881,6,8,South,Warm
1070,2026-01-10 09:00:00,4.828,6,8,South,Hot
1070,2026-01-10 12:00:00,2.766,6,8,South,Hot
1070,2026-01-10 15:00:00,3.972,6,8,South,Hot
1070,2026-01-10 18:00:00,5.425,6,8,South,Warm
1070,2026-01-10 19:00:00,5.817,6,8,South,Hot
1070,2026-01-10 20:00:00,6.202,6,8,South,Hot
1070,2026-01-10 21:00:00,6.126,6,8,South,Hot
1070,2026-01-10 23:00:00,3.402,6,8,South,Hot
1071,2026-01-01 02:00:00,2.508,5,9,East,Warm
1071,2026-01-01 06:00:00,2.846,5,9,East,Hot
1071,2026-01-01 09:00:00,4.224,5,9,East,Hot
1071,2026-01-01 12:00:00,2.792,5,9,East,Warm
1071,2026-01-01 15:00:00,2.696,5,9,East,Humid
1071,2026-01-01 18:00:00,5.374,5,9,East,Humid
1071,2026-01-01 19:00:00,5.653,5,9,East,Hot
1071,2026-01-01 20:00:00,5.71,5,9,East,Humid
1071,2026-01-01 21:00:00,5.3,5,9,East,Humid
1071,2026-01-01 23:00:00,2.877,5,9,East,Hot
1072,2026-01-02 02:00:00,0.765,2,4,West,Cool
1072,2026-01-02 06:00:00,1.689,2,4,West,Hot
1072,2026-01-02 09:00:00,1.981,2,4,West,Warm
1072,2026-01-02 12:00:00,2.267,2,4,West,Hot
1072,2026-01-02 15:00:00,1.567,2,4,West,Cool
1072,2026-01-02 18:00:00,3.188,2,4,West,Hot
1072,2026-01-02 19:00:00,3.385,2,4,West,Hot
1072,2026-01-02 20:00:00,1.992,2,4,West,Cool
1072,2026-01-02 21:00:00,2.355,2,4,West,Cool
1072,2026-01-02 23:00:00,1.492,2,4,West,Hot
1073,2026-01-03 02:00:00,0.728,1,4,North,Warm
1073,2026-01-03 06:00:00,1.274,1,4,North,Warm
1073,2026-01-03 09:00:00,1.554,1,4,North,Hot
1073,2026-01-03 12:00:00,1.118,1,4,North,Hot
1073,2026-01-03 15:00:00,0.926,1,4,North,Cool
1073,2026-01-03 18:00:00,1.874,1,4,North,Warm
1073,2026-01-03 19:00:00,2.411,1,4,North,Hot
1073,2026-01-03 20:00:00,1.916,1,4,North,Warm
1073,2026-01-03 21:00:00,1.793,1,4,North,Warm
1073,2026-01-03 23:00:00,1.317,1,4,North,Warm
1074,2026-01-04 02:00:00,1.756,5,8,West,Cool
1074,2026-01-04 06:00:00,1.799,5,8,West,Cool
1074,2026-01-04 09:00:00,3.76,5,8,West,Hot
1074,2026-01-04 12:00:00,2.852,5,8,West,Hot
1074,2026-01-04 15:00:00,2.761,5,8,West,Hot
1074,2026-01-04 18:00:00,5.644,5,8,West,Hot
1074,2026-01-04 19:00:00,5.799,5,8,West,Hot
1074,2026-01-04 20:00:00,4.726,5,8,West,Warm
1074,2026-01-04 21:00:00,3.614,5,8,West,Cool
1074,2026-01-04 23:00:00,2.554,5,8,West,Warm
1075,2026-01-05 02:00:00,2.455,4,9,South,Warm
1075,2026-01-05 06:00:00,2.98,4,9,South,Hot
1075,2026-01-05 09:00:00,4.02,4,9,South,Warm
1075,2026-01-05 12:00:00,2.535,4,9,South,Warm
1075,2026-01-05 15:00:00,2.305,4,9,South,Warm
1075,2026-01-05 18:00:00,4.533,4,9,South,Warm
1075,2026-01-05 19:00:00,4.62,4,9,South,Warm
1075,2026-01-05 20:00:00,4.682,4,9,South,Warm
1075,2026-01-05 21:00:00,4.175,4,9,South,Warm
1075,2026-01-05 23:00:00,2.214,4,9,South,Warm
1076,2026-01-06 02:00:00,2.53,4,11,South,Hot
1076,2026-01-06 06:00:00,2.742,4,11,South,Warm
1076,2026-01-06 09:00:00,4.231,4,11,South,Warm
1076,2026-01-06 12:00:00,2.706,4,11,South,Hot
1076,2026-01-06 15:00:00,2.614,4,11,South,Warm
1076,2026-01-06 18:00:00,4.978,4,11,South,Warm
1076,2026-01-06 19:00:00,4.672,4,11,South,Warm
1076,2026-01-06 20:00:00,5.566,4,11,South,Hot
1076,2026-01-06 21:00:00,5.47,4,11,South,Hot
1076,2026-01-06 23:00:00,2.964,4,11,South,Hot
1077,2026-01-07 02:00:00,3.457,5,11,West,Hot
1077,2026-01-07 06:00:00,3.465,5,11,West,Hot
1077,2026-01-07 09:00:00,3.986,5,11,West,Warm
1077,2026-01-07 12:00:00,3.179,5,11,West,Hot
1077,2026-01-07 15:00:00,3.586,5,11,West,Hot
1077,2026-01-07 18:00:00,5.408,5,11,West,Warm
1077,2026-01-07 19:00:00,5.906,5,11,West,Warm
1077,2026-01-07 20:00:00,5.97,5,11,West,Hot
1077,2026-01-07 21:00:00,6.048,5,11,West,Hot
1077,2026-01-07 23:00:00,2.573,5,11,West,Warm
1078,2026-01-08 02:00:00,0.951,1,3,East,Warm
1078,2026-01-08 06:00:00,0.896,1,3,East,Humid
1078,2026-01-08 09:00:00,1.079,1,3,East,Warm
1078,2026-01-08 12:00:00,1.153,1,3,East,Humid
1078,2026-01-08 15:00:00,1.325,1,3,East,Humid
1078,2026-01-08 18:00:00,1.971,1,3,East,Humid
1078,2026-01-08 19:00:00,2.559,1,3,East,Hot
1078,2026-01-08 20:00:00,2.481,1,3,East,Hot
1078,2026-01-08 21:00:00,2.004,1,3,East,Hot
1078,2026-01-08 23:00:00,1.178,1,3,East,Hot
1079,2026-01-09 02:00:00,2.087,3,5,West,Hot
1079,2026-01-09 06:00:00,1.71,3,5,West,Warm
1079,2026-01-09 09:00:00,1.909,3,5,West,Cool
1079,2026-01-09 12:00:00,1.691,3,5,West,Warm
1079,2026-01-09 15:00:00,1.858,3,5,West,Hot
1079,2026-01-09 18:00:00,3.131,3,5,West,Warm
1079,2026-01-09 19:00:00,2.465,3,5,West,Cool
1079,2026-01-09 20:00:00,3.085,3,5,West,Warm
1079,2026-01-09 21:00:00,3.478,3,5,West,Hot
1079,2026-01-09 23:00:00,1.4,3,5,West,Cool
1080,2026-01-10 02:00:00,1.279,2,6,South,Warm
1080,2026-01-10 06:00:00,2.162,2,6,South,Hot
1080,2026-01-10 09:00:00,1.926,2,6,South,Warm
1080,2026-01-10 12:00:00,1.807,2,6,South,Hot
1080,2026-01-10 15:00:00,1.539,2,6,South,Warm
1080,2026-01-10 18:00:00,2.652,2,6,South,Warm
1080,2026-01-10 19:00:00,3.767,2,6,South,Hot
1080,2026-01-10 20:00:00,3.112,2,6,South,Warm
1080,2026-01-10 21:00:00,2.946,2,6,South,Hot
1080,2026-01-10 23:00:00,1.856,2,6,South,Warm
1081,2026-01-01 02:00:00,2.691,5,12,East,Warm
1081,2026-01-01 06:00:00,3.403,5,12,East,Humid
1081,2026-01-01 09:00:00,4.592,5,12,East,Humid
1081,2026-01-01 12:00:00,3.166,5,12,East,Humid
1081,2026-01-01 15:00:00,3.716,5,12,East,Hot
1081,2026-01-01 18:00:00,6.191,5,12,East,Hot
1081,2026-01-01 19:00:00,5.673,5,12,East,Humid
1081,2026-01-01 20:00:00,5.442,5,12,East,Warm
1081,2026-01-01 21:00:00,5.888,5,12,East,Hot
1081,2026-01-01 23:00:00,2.586,5,12,East,Warm
1082,2026-01-02 02:00:00,2.329,4,7,East,Warm
1082,2026-01-02 06:00:00,2.525,4,7,East,Humid
1082,2026-01-02 09:00:00,3.608,4,7,East,Humid
1082,2026-01-02 12:00:00,2.3,4,7,East,Warm
1082,2026-01-02 15:00:00,2.554,4,7,East,Humid
1082,2026-01-02 18:00:00,4.468,4,7,East,Humid
1082,2026-01-02 19:00:00,4.098,4,7,East,Hot
1082,2026-01-02 20:00:00,4.093,4,7,East,Warm
1082,2026-01-02 21:00:00,4.35,4,7,East,Humid
1082,2026-01-02 23:00:00,2.515,4,7,East,Humid
1083,2026-01-03 02:00:00,1.59,3,9,West,Cool
1083,2026-01-03 06:00:00,2.132,3,9,West,Warm
1083,2026-01-03 09:00:00,2.367,3,9,West,Cool
1083,2026-01-03 12:00:00,1.787,3,9,West,Cool
1083,2026-01-03 15:00:00,1.814,3,9,West,Warm
1083,2026-01-03 18:00:00,2.932,3,9,West,Cool
1083,2026-01-03 19:00:00,2.906,3,9,West,Cool
1083,2026-01-03 20:00:00,3.478,3,9,West,Warm
1083,2026-01-03 21:00:00,4.283,3,9,West,Hot
1083,2026-01-03 23:00:00,2.115,3,9,West,Warm
1084,2026-01-04 02:00:00,0.891,1,6,North,Cool
1084,2026-01-04 06:00:00,1.677,1,6,North,Hot
1084,2026-01-04 09:00:00,1.637,1,6,North,Warm
1084,2026-01-04 12:00:00,1.279,1,6,North,Hot
1084,2026-01-04 15:00:00,1.493,1,6,North,Hot
1084,2026-01-04 18:00:00,2.08,1,6,North,Cool
1084,2026-01-04 19:00:00,2.197,1,6,North,Warm
1084,2026-01-04 20:00:00,1.844,1,6,North,Cool
1084,2026-01-04 21:00:00,2.756,1,6,North,Warm
1084,2026-01-04 23:00:00,1.512,1,6,North,Cool
1085,2026-01-05 02:00:00,2.018,3,6,South,Warm
1085,2026-01-05 06:00:00,2.42,3,6,South,Hot
1085,2026-01-05 09:00:00,2.798,3,6,South,Warm
1085,2026-01-05 12:00:00,2.1,3,6,South,Hot
1085,2026-01-05 15:00:00,1.891,3,6,South,Hot
1085,2026-01-05 18:00:00,2.942,3,6,South,Warm
1085,2026-01-05 19:00:00,3.579,3,6,South,Warm
1085,2026-01-05 20:00:00,3.471,3,6,South,Warm
1085,2026-01-05 21:00:00,3.379,3,6,South,Warm
1085,2026-01-05 23:00:00,1.814,3,6,South,Warm
1086,2026-01-06 02:00:00,2.225,3,10,North,Hot
1086,2026-01-06 06:00:00,2.468,3,10,North,Warm
1086,2026-01-06 09:00:00,2.473,3,10,North,Cool
1086,2026-01-06 12:00:00,1.951,3,10,North,Cool
1086,2026-01-06 15:00:00,1.93,3,10,North,Warm
1086,2026-01-06 18:00:00,4.236,3,10,North,Warm
1086,2026-01-06 19:00:00,4.307,3,10,North,Warm
1086,2026-01-06 20:00:00,3.491,3,10,North,Cool
1086,2026-01-06 21:00:00,3.878,3,10,North,Warm
1086,2026-01-06 23:00:00,2.788,3,10,North,Hot
1087,2026-01-07 02:00:00,2.761,4,9,South,Hot
1087,2026-01-07 06:00:00,2.763,4,9,South,Hot
1087,2026-01-07 09:00:00,3.308,4,9,South,Warm
1087,2026-01-07 12:00:00,2.931,4,9,South,Hot
1087,2026-01-07 15:00:00,2.908,4,9,South,Hot
1087,2026-01-07 18:00:00,5.259,4,9,South,Hot
1087,2026-01-07 19:00:00,5.138,4,9,South,Hot
1087,2026-01-07 20:00:00,5.728,4,9,South,Hot
1087,2026-01-07 21:00:00,4.896,4,9,South,Warm
1087,2026-01-07 23:00:00,2.94,4,9,South,Hot
1088,2026-01-08 02:00:00,2.67,4,8,South,Warm
1088,2026-01-08 06:00:00,2.851,4,8,South,Hot
1088,2026-01-08 09:00:00,3.251,4,8,South,Warm
1088,2026-01-08 12:00:00,2.678,4,8,South,Hot
1088,2026-01-08 15:00:00,2.295,4,8,South,Warm
1088,2026-01-08 18:00:00,4.068,4,8,South,Warm
1088,2026-01-08 19:00:00,4.345,4,8,South,Warm
1088,2026-01-08 20:00:00,3.93,4,8,South,Warm
1088,2026-01-08 21:00:00,3.981,4,8,South,Warm
1088,2026-01-08 23:00:00,2.794,4,8,South,Hot
1089,2026-01-09 02:00:00,2.792,5,9,South,Warm
1089,2026-01-09 06:00:00,3.086,5,9,South,Warm
1089,2026-01-09 09:00:00,3.647,5,9,South,Warm
1089,2026-01-09 12:00:00,2.884,5,9,South,Warm
1089,2026-01-09 15:00:00,2.749,5,9,South,Hot
1089,2026-01-09 18:00:00,5.396,5,9,South,Hot
1089,2026-01-09 19:00:00,5.854,5,9,South,Hot
1089,2026-01-09 20:00:00,5.58,5,9,South,Hot
1089,2026-01-09 21:00:00,4.76,5,9,South,Warm
1089,2026-01-09 23:00:00,2.199,5,9,South,Warm
1090,2026-01-10 02:00:00,1.85,3,5,South,Warm
1090,2026-01-10 06:00:00,2.283,3,5,South,Hot
1090,2026-01-10 09:00:00,2.953,3,5,South,Warm
1090,2026-01-10 12:00:00,1.862,3,5,South,Hot
1090,2026-01-10 15:00:00,1.413,3,5,South,Warm
1090,2026-01-10 18:00:00,4.054,3,5,South,Hot
1090,2026-01-10 19:00:00,3.784,3,5,South,Hot
1090,2026-01-10 20:00:00,3.062,3,5,South,Warm
1090,2026-01-10 21:00:00,3.598,3,5,South,Hot
1090,2026-01-10 23:00:00,1.84,3,5,South,Warm
1091,2026-01-01 02:00:00,2.597,2,9,West,Hot
1091,2026-01-01 06:00:00,2.603,2,9,West,Hot
1091,2026-01-01 09:00:00,3.411,2,9,West,Hot
1091,2026-01-01 12:00:00,1.901,2,9,West,Cool
1091,2026-01-01 15:00:00,1.617,2,9,West,Warm
1091,2026-01-01 18:00:00,3.498,2,9,West,Warm
1091,2026-01-01 19:00:00,3.908,2,9,West,Hot
1091,2026-01-01 20:00:00,3.728,2,9,West,Warm
1091,2026-01-01 21:00:00,3.708,2,9,West,Hot
1091,2026-01-01 23:00:00,1.665,2,9,West,Hot
1092,2026-01-02 02:00:00,2.165,4,10,West,Cool
1092,2026-01-02 06:00:00,1.703,4,10,West,Cool
1092,2026-01-02 09:00:00,2.631,4,10,West,Cool
1092,2026-01-02 12:00:00,2.508,4,10,West,Cool
1092,2026-01-02 15:00:00,2.257,4,10,West,Cool
1092,2026-01-02 18:00:00,5.483,4,10,West,Hot
1092,2026-01-02 19:00:00,4.484,4,10,West,Warm
1092,2026-01-02 20:00:00,4.984,4,10,West,Hot
1092,2026-01-02 21:00:00,3.597,4,10,West,Cool
1092,2026-01-02 23:00:00,2.719,4,10,West,Warm
1093,2026-01-03 02:00:00,2.357,5,10,North,Cool
1093,2026-01-03 06:00:00,2.774,5,10,North,Warm
1093,2026-01-03 09:00:00,3.471,5,10,North,Cool
1093,2026-01-03 12:00:00,3.164,5,10,North,Hot
1093,2026-01-03 15:00:00,2.534,5,10,North,Hot
1093,2026-01-03 18:00:00,5.659,5,10,North,Hot
1093,2026-01-03 19:00:00,5.005,5,10,North,Warm
1093,2026-01-03 20:00:00,4.186,5,10,North,Cool
1093,2026-01-03 21:00:00,5.152,5,10,North,Warm
1093,2026-01-03 23:00:00,2.848,5,10,North,Warm
1094,2026-01-04 02:00:00,2.669,4,7,North,Hot
1094,2026-01-04 06:00:00,2.306,4,7,North,Hot
1094,2026-01-04 09:00:00,2.567,4,7,North,Cool
1094,2026-01-04 12:00:00,2.784,4,7,North,Hot
1094,2026-01-04 15:00:00,2.48,4,7,North,Warm
1094,2026-01-04 18:00:00,3.944,4,7,North,Warm
1094,2026-01-04 19:00:00,4.408,4,7,North,Warm
1094,2026-01-04 20:00:00,4.058,4,7,North,Warm
1094,2026-01-04 21:00:00,4.574,4,7,North,Hot
1094,2026-01-04 23:00:00,2.255,4,7,North,Warm
1095,2026-01-05 02:00:00,2.503,5,12,East,Warm
1095,2026-01-05 06:00:00,3.186,5,12,East,Warm
1095,2026-01-05 09:00:00,4.581,5,12,East,Humid
1095,2026-01-05 12:00:00,3.445,5,12,East,Hot
1095,2026-01-05 15:00:00,3.078,5,12,East,Warm
1095,2026-01-05 18:00:00,6.653,5,12,East,Hot
1095,2026-01-05 19:00:00,6.521,5,12,East,Hot
1095,2026-01-05 20:00:00,5.358,5,12,East,Warm
1095,2026-01-05 21:00:00,6.073,5,12,East,Humid
1095,2026-01-05 23:00:00,3.273,5,12,East,Humid
1096,2026-01-06 02:00:00,2.351,3,10,South,Hot
1096,2026-01-06 06:00:00,2.713,3,10,South,Hot
1096,2026-01-06 09:00:00,3.691,3,10,South,Hot
1096,2026-01-06 12:00:00,2.207,3,10,South,Warm
1096,2026-01-06 15:00:00,2.408,3,10,South,Hot
1096,2026-01-06 18:00:00,5.076,3,10,South,Hot
1096,2026-01-06 19:00:00,4.786,3,10,South,Hot
1096,2026-01-06 20:00:00,4.564,3,10,South,Warm
1096,2026-01-06 21:00:00,4.546,3,10,South,Hot
1096,2026-01-06 23:00:00,2.211,3,10,South,Hot
1097,2026-01-07 02:00:00,2.742,4,8,South,Hot
1097,2026-01-07 06:00:00,2.705,4,8,South,Warm
1097,2026-01-07 09:00:00,3.452,4,8,South,Warm
1097,2026-01-07 12:00:00,2.238,4,8,South,Warm
1097,2026-01-07 15:00:00,2.784,4,8,South,Hot
1097,2026-01-07 18:00:00,4.671,4,8,South,Hot
1097,2026-01-07 19:00:00,4.688,4,8,South,Warm
1097,2026-01-07 20:00:00,4.215,4,8,South,Warm
1097,2026-01-07 21:00:00,4.205,4,8,South,Warm
1097,2026-01-07 23:00:00,2.738,4,8,South,Hot
1098,2026-01-08 02:00:00,1.261,3,5,South,Warm
1098,2026-01-08 06:00:00,2.041,3,5,South,Hot
1098,2026-01-08 09:00:00,2.928,3,5,South,Warm
1098,2026-01-08 12:00:00,1.863,3,5,South,Warm
1098,2026-01-08 15:00:00,1.55,3,5,South,Warm
1098,2026-01-08 18:00:00,3.386,3,5,South,Warm
1098,2026-01-08 19:00:00,3.76,3,5,South,Hot
1098,2026-01-08 20:00:00,3.431,3,5,South,Warm
1098,2026-01-08 21:00:00,3.728,3,5,South,Warm
1098,2026-01-08 23:00:00,2.299,3,5,South,Warm
1099,2026-01-09 02:00:00,0.723,1,3,South,Warm
1099,2026-01-09 06:00:00,0.814,1,3,South,Warm
1099,2026-01-09 09:00:00,1.345,1,3,South,Warm
1099,2026-01-09 12:00:00,1.495,1,3,South,Hot
1099,2026-01-09 15:00:00,0.99,1,3,South,Hot
1099,2026-01-09 18:00:00,2.125,1,3,South,Hot
1099,2026-01-09 19:00:00,2.044,1,3,South,Hot
1099,2026-01-09 20:00:00,1.776,1,3,South,Warm
1099,2026-01-09 21:00:00,2.222,1,3,South,Warm
1099,2026-01-09 23:00:00,1.017,1,3,South,Hot
1100,2026-01-10 02:00:00,1.949,2,7,West,Warm
1100,2026-01-10 06:00:00,1.02,2,7,West,Cool
1100,2026-01-10 09:00:00,2.417,2,7,West,Hot
1100,2026-01-10 12:00:00,1.957,2,7,West,Hot
1100,2026-01-10 15:00:00,2.136,2,7,West,Hot
1100,2026-01-10 18:00:00,2.383,2,7,West,Cool
1100,2026-01-10 19:00:00,2.406,2,7,West,Cool
1100,2026-01-10 20:00:00,2.975,2,7,West,Warm
1100,2026-01-10 21:00:00,2.741,2,7,West,Cool
1100,2026-01-10 23:00:00,1.771,2,7,West,Hot
1002,2026-01-02 09:00:00,5.131,6,11,East,Hot
1015,2026-01-05 18:00:00,2.842,2,7,East,Warm
1068,2026-01-08 21:00:00,4.94,5,11,West,Warm
